"PID","choice","points","attitude","rec","is_dom","age","race","edu","income","gender","employment","feedback"
1,"No",0,1,0,1,56,"white","MA","$120,001-$140,000","man","Full-time","Thank you."
2,"No",0,4,0,1,43,"white","4yearColl","$180,001-$200,000","woman","Full-time",""
3,"No",0,2,0,1,50,"white","GED","$20,001-$40,000","man","Part-time",""
4,"No",0,2,0,1,29,"white","4yearColl","$0-$20,000","man","Unemployed",""
5,"No",0,3,1,0,31,"hispanic","GED","$0-$20,000","woman","Unemployed",""
6,"No",0,2,0,1,31,"white","4yearColl","$60,001-$80,000","man","Full-time",""
7,"No",0,3,0,0,33,"white","GED","$80,001-$100,000","man","Full-time",""
8,"No",0,2,0,0,38,"asian","GED","$40,001-$60,000",NA,"Full-time",""
9,"No",0,1,0,1,37,"white","4yearColl","$140,001-$160,000","man","Full-time",""
10,"No",0,1,0,1,43,"white","MA","$80,001-$100,000","woman","Full-time",""
11,"No",0,2,0,1,24,"white","GED","$60,001-$80,000","man","Full-time",""
12,"No",0,2,0,0,NA,"white","4yearColl","$80,001-$100,000","man","Full-time",""
13,"No",0,3,1,1,18,"black","GED","$140,001-$160,000","woman","Student",""
14,"No",0,2,0,1,50,"white","PHD","$140,001-$160,000","woman","Full-time",""
15,"No",0,2,0,1,45,"white","GED","$60,001-$80,000","man","Part-time",""
16,"No",0,4,1,0,39,"black","GED","$0-$20,000","man","Full-time",""
17,"No",0,1,0,1,40,"white","GED","$40,001-$60,000","woman","Full-time",""
18,"Yes",8,2,1,0,28,"white","4yearColl","$120,001-$140,000","man","Full-time",""
19,"No",0,1,0,1,25,"white","MA","$40,001-$60,000","man","Full-time",""
20,"No",0,4,0,0,65,"white","GED","$60,001-$80,000","woman","Full-time",""
21,"No",0,4,1,0,30,"black","GED","$60,001-$80,000","woman","Part-time",""
22,"No",0,2,0,1,59,"white","MA","$60,001-$80,000","man","Retired",""
23,"No",0,3,0,1,29,"black","4yearColl","$60,001-$80,000","man","Full-time","Everything ran smooth and was easy to understand."
24,"No",0,1,0,1,60,"white","GED","$20,001-$40,000","man","Full-time",""
25,"Yes",27,3,1,0,32,"multiracial","2yearColl","$20,001-$40,000","woman","Part-time, Student",""
26,"Yes",10,4,1,0,NA,"white","4yearColl","$160,001-$180,000","man","Full-time",""
27,"No",0,2,0,1,29,"black","2yearColl","$40,001-$60,000","woman","Full-time",""
28,"No",0,3,0,1,22,"multiracial","GED","$20,001-$40,000","woman","Part-time",""
29,"Yes",33,4,0,0,40,"asian","MA","$140,001-$160,000","man","Other",""
30,"Yes",16,3,0,0,57,"white","2yearColl","$60,001-$80,000","woman","Unemployed",""
31,"No",0,5,1,0,67,"white","2yearColl","$80,001-$100,000","woman","Retired",""
32,"Yes",17,2,0,1,29,"white","4yearColl","$40,001-$60,000","woman","Part-time",""
33,"No",0,1,0,0,33,"white","GED","$0-$20,000","man","Other",""
34,"No",0,3,0,0,56,"white","4yearColl","$60,001-$80,000","woman","Retired",""
35,"No",0,3,0,1,33,"multiracial","GED","$20,001-$40,000","man","Student","none"
36,"Yes",22,4,0,0,39,"white","GED","$20,001-$40,000","woman","Full-time",""
37,"No",0,5,0,1,36,"white","2yearColl","$100,001-$120,000","woman","Homemaker","None"
38,"No",0,1,0,1,31,"black","4yearColl","$80,001-$100,000","woman","Full-time",""
39,"Yes",18,3,1,1,41,"asian","GED","$0-$20,000","man","Full-time",""
40,"Yes",12,5,1,1,38,"white","GED","$60,001-$80,000","man","Full-time","Great study really enjoyed taking it :)"
41,"Yes",36,5,0,1,24,"white","2yearColl","$40,001-$60,000","man","Full-time",""
42,"No",0,4,1,1,39,"asian","4yearColl","$80,001-$100,000","man","Full-time",""
43,"Yes",22,5,0,0,42,"white","4yearColl","$20,001-$40,000","man","Full-time",""
44,"No",0,2,0,1,41,"asian","4yearColl","$80,001-$100,000","man","Unemployed","The tone of the ""manager"" seemed to be that of an entitled and forceful person. A good manager would've brought more positivity to his message, maybe saying something like ""I encourage you to do well, if you score X or above, then I'll give you a $2 bonus. Good luck!"" In short, I never felt encouraged by the manager in this study to even try because of the way he worded the message. I would never risk NOT getting a bonus after doing my best to give the manager his bonus. That's just inefficient for me."
45,"Yes",22,4,1,1,24,"asian","4yearColl","$0-$20,000","man","Student",""
46,"No",0,5,0,1,40,"white","4yearColl","$40,001-$60,000","man","Full-time","Thanks"
47,"Yes",38,4,1,0,30,"asian","4yearColl","$60,001-$80,000","man","Full-time",""
48,"Yes",13,5,1,0,29,"white","PHD","$140,001-$160,000","man","Full-time",""
49,"Yes",44,6,1,0,18,"asian","GED","Over $200,000","woman","Student",""
50,"Yes",40,4,0,0,24,"white","GED","$20,001-$40,000","woman","Student",""
51,"Yes",16,6,1,0,33,"white","4yearColl","$140,001-$160,000","man","Full-time",""
52,"Yes",31,2,1,1,31,"white","GED","$100,001-$120,000","woman","Full-time",""
53,"No",0,4,1,1,33,"black","4yearColl","$40,001-$60,000","woman","Full-time",""
54,"Yes",35,6,1,0,18,"asian","GED","$80,001-$100,000","man","Student",""
55,"Yes",36,2,0,1,27,"white","4yearColl","$100,001-$120,000","woman","Full-time",""
56,"Yes",32,1,0,1,22,"hispanic","GED","$20,001-$40,000","woman","Full-time",""
57,"No",0,3,0,1,24,"asian","2yearColl","$40,001-$60,000","woman","Unemployed",""
58,"Yes",40,2,0,1,32,"asian","4yearColl","$120,001-$140,000","woman","Unemployed",""
59,"Yes",23,4,1,1,63,"white","2yearColl","$60,001-$80,000","woman","Part-time",""
60,"Yes",39,7,1,0,28,"white","GED","$40,001-$60,000","woman","Unemployed",""
61,"No",0,4,0,0,37,"black","GED","$60,001-$80,000","man","Full-time",NA
62,"Yes",41,1,0,1,23,"asian","4yearColl","$60,001-$80,000","woman","Part-time",""
63,"Yes",46,6,1,0,50,"white","4yearColl","$80,001-$100,000","man","Full-time",""
64,"Yes",40,3,1,0,26,"white","MA","$80,001-$100,000","woman","Full-time",""
65,"No",0,4,1,1,30,"black","GED","$40,001-$60,000","woman","Full-time",""
66,"Yes",32,6,0,0,49,"white","4yearColl",NA,"woman","Homemaker",""
67,"No",0,3,1,1,50,"white","GED","$20,001-$40,000","woman","Full-time",""
68,"Yes",34,5,1,0,28,"white","GED","$120,001-$140,000","man","Full-time",""
69,"Yes",32,4,0,0,35,"white","4yearColl","Over $200,000","man","Full-time",""
70,"Yes",43,3,0,1,45,"white",NA,"$120,001-$140,000","woman","Full-time",""
71,"Yes",10,3,1,0,40,"white","GED","$20,001-$40,000","man","Full-time","Thanks!"
72,"Yes",50,5,1,0,28,"white","MA","Over $200,000","woman","Full-time",""
73,"Yes",34,4,1,1,32,"black","GED","$0-$20,000","man","Part-time, Other",""
74,"Yes",15,2,0,0,41,"white","4yearColl","$40,001-$60,000","woman","Full-time",""
75,"Yes",41,6,1,0,30,"asian","4yearColl","$60,001-$80,000","man","Full-time",""
76,"Yes",39,3,1,1,45,"white","2yearColl","Over $200,000","woman","Homemaker",""
77,"Yes",42,4,1,1,19,"multiracial","GED","$40,001-$60,000","man","Student",""
78,"Yes",32,4,1,1,54,"white","GED","$40,001-$60,000","woman","Part-time",""
79,"Yes",47,5,1,1,39,"multiracial","4yearColl","$160,001-$180,000","man","Homemaker",""
80,"Yes",30,4,1,0,38,"white","2yearColl","$60,001-$80,000","woman","Full-time","N/A"
81,"Yes",41,5,1,0,25,"multiracial","4yearColl","Over $200,000","man","Part-time",""
82,"Yes",48,5,1,0,28,"white","4yearColl","$60,001-$80,000","woman","Part-time",""
83,"Yes",43,5,1,0,23,"white","GED","$100,001-$120,000",NA,"Part-time",""
84,"Yes",48,2,0,1,22,"multiracial","4yearColl","$0-$20,000","woman","Part-time, Student","interesting"
85,"Yes",29,4,0,1,40,"white","GED","$0-$20,000","woman","Full-time",""
86,"Yes",25,4,1,1,33,"black","MA","$140,001-$160,000","man","Full-time",""
87,"Yes",43,2,0,0,30,"white","GED","$140,001-$160,000",NA,"Full-time",""
88,"Yes",42,5,0,0,25,"white","4yearColl","$40,001-$60,000","woman","Part-time",""
89,"Yes",22,7,1,0,57,"white","2yearColl","$60,001-$80,000","woman","Full-time",""
90,"Yes",36,4,1,0,34,"hispanic","GED","$20,001-$40,000","woman","Part-time",""
91,"Yes",31,5,0,0,43,"white","2yearColl","$40,001-$60,000","woman","Full-time",""
92,"Yes",28,3,0,1,46,"white","4yearColl","Over $200,000","woman","Full-time",""
93,"Yes",36,4,0,1,49,NA,NA,NA,"woman","Part-time",""
94,"Yes",48,5,1,1,44,"white","MA","$120,001-$140,000","man","Full-time",""
95,"Yes",37,5,1,0,29,"white","4yearColl","$40,001-$60,000","woman","Part-time, Other",""
96,"Yes",46,3,0,1,22,"asian","4yearColl","$100,001-$120,000","woman","Student",""
97,"Yes",22,4,1,1,51,"white","GED","$140,001-$160,000","woman","Full-time",""
98,"Yes",42,1,0,1,43,"white","4yearColl","$120,001-$140,000","man","Full-time",""
99,"Yes",34,4,1,1,38,"white","4yearColl","$40,001-$60,000","man","Part-time",""
100,"Yes",46,3,0,1,27,"white","4yearColl","$0-$20,000","woman","Other",""
101,"Yes",34,6,1,1,23,"hispanic","2yearColl","$40,001-$60,000","woman","Full-time",""
102,"Yes",38,4,0,0,39,"white","MA","$140,001-$160,000","woman","Full-time",""
103,"Yes",19,7,1,0,33,"white","MA","$80,001-$100,000","woman","Full-time",""
104,"Yes",35,5,1,0,24,"white","4yearColl","$100,001-$120,000","man","Part-time",""
105,"Yes",38,3,1,1,35,"multiracial","GED","$40,001-$60,000","woman","Full-time",""
106,"Yes",28,6,0,0,28,"white","GED","$0-$20,000","woman","Part-time",""
107,"Yes",50,5,1,0,35,"white","PHD","Over $200,000","woman","Full-time",""
108,"Yes",42,2,0,1,37,"white","GED","$40,001-$60,000","woman","Homemaker","None"
109,"Yes",40,4,1,0,30,"white","4yearColl","$20,001-$40,000","woman","Full-time",""
110,"Yes",36,4,1,0,65,"white","GED","$20,001-$40,000","woman","Full-time",""
111,"Yes",42,4,1,0,55,"white","4yearColl","$60,001-$80,000","woman","Full-time",""
112,"Yes",36,4,1,0,31,"white","4yearColl","$40,001-$60,000","woman","Unemployed",""
113,"Yes",42,4,1,0,30,"asian","4yearColl","$180,001-$200,000","man","Full-time",""
114,"Yes",36,6,1,0,34,"white","GED","$60,001-$80,000","man","Homemaker",""
115,"Yes",42,5,1,0,62,"white","MA","$120,001-$140,000","man","Full-time",""
116,"Yes",44,4,1,1,56,"white","PHD","Over $200,000","woman","Retired",""
117,"Yes",42,3,0,1,30,"multiracial","2yearColl","Over $200,000","woman","Part-time",""
118,"Yes",48,6,1,1,49,"white","MA","$120,001-$140,000","woman","Full-time",""
119,"Yes",31,4,1,1,19,"black","4yearColl","$40,001-$60,000","man","Part-time",""
120,"Yes",39,5,1,0,44,"multiracial","4yearColl","$120,001-$140,000","man","Full-time",""
121,"Yes",12,7,1,0,34,"white","4yearColl","$100,001-$120,000","man","Full-time",""
122,"Yes",28,6,0,0,46,"white","MA","$0-$20,000","woman","Other",""
123,"Yes",46,4,1,0,24,"multiracial","4yearColl","$80,001-$100,000","man","Full-time",""
124,"Yes",46,5,1,0,32,"white","4yearColl","$80,001-$100,000","man","Full-time",""
125,"Yes",17,3,0,1,35,"white","4yearColl","$0-$20,000","man","Part-time",""
126,"Yes",32,3,1,1,21,NA,"GED","$40,001-$60,000","man","Student",""
127,"Yes",28,4,1,0,22,"multiracial","2yearColl","$40,001-$60,000","man","Student",""
128,"Yes",50,2,0,1,36,"asian","4yearColl","$60,001-$80,000","man","Full-time",""
129,"Yes",43,4,1,0,46,"white","MA","$80,001-$100,000","woman","Full-time","N/A"
130,"Yes",45,5,0,0,37,"white","4yearColl","$80,001-$100,000","woman","Full-time",""
131,"Yes",27,4,1,0,37,"white","4yearColl","$60,001-$80,000","woman","Part-time",""
132,"Yes",37,3,0,1,67,"white","2yearColl","$60,001-$80,000","woman","Retired","Thank you for the opportunity."
133,"Yes",42,3,0,1,41,"white","4yearColl","$60,001-$80,000","woman","Full-time",""
134,"Yes",38,3,1,1,39,"white","GED","$60,001-$80,000","woman","Homemaker",""
135,"Yes",44,5,0,0,34,"white","4yearColl","$20,001-$40,000","woman","Part-time",""
136,"Yes",32,7,1,0,29,"hispanic","MA","$120,001-$140,000","woman","Full-time",""
137,"Yes",37,3,0,1,29,"white","GED","$80,001-$100,000","man","Unemployed",""
138,"Yes",48,4,1,1,32,"asian","MA","Over $200,000","woman","Full-time",""
139,"Yes",44,4,0,0,39,"white","MA","$40,001-$60,000","woman","Unemployed","No feedback."
140,"Yes",42,2,0,1,39,"white","MA","$180,001-$200,000","woman","Full-time",""
141,"Yes",42,4,1,0,28,"white","PHD","$40,001-$60,000","woman","Full-time",""
142,"Yes",46,3,1,0,20,"white","GED","$100,001-$120,000","man","Part-time, Student",""
143,"Yes",39,3,0,1,32,"white","4yearColl","$60,001-$80,000","woman","Full-time",""
144,"Yes",40,5,1,1,28,"white","MA","$100,001-$120,000","woman","Full-time",""
145,"Yes",35,4,1,0,70,"white","PHD","Over $200,000","woman","Retired",""
146,"Yes",45,4,1,1,44,"white","GED","$20,001-$40,000","woman","Full-time",""
147,"Yes",17,4,0,0,48,"white","MA","$100,001-$120,000","man","Full-time","I may have selected less than 10 on last round"
148,"Yes",16,4,1,1,28,"hispanic","MA","$180,001-$200,000","woman","Other","The survey was easy to understand and complete."
149,"Yes",42,4,0,0,56,"white","4yearColl","$40,001-$60,000","man","Unemployed","Thank you for the opportunity to participate in your study, please reach out if I can be of future assistance; thanks again!"
150,"Yes",38,6,1,0,56,"white","GED","$40,001-$60,000","woman","Full-time",""
151,"Yes",40,3,1,1,26,"white","MA","Over $200,000","woman","Full-time",""
152,"Yes",36,4,1,1,24,"white","2yearColl","$40,001-$60,000","man","Part-time",""
153,"Yes",43,5,1,1,30,"white","GED","$60,001-$80,000","woman","Homemaker",""
154,"Yes",40,5,1,1,26,"white","GED","$80,001-$100,000","woman","Full-time",""
155,"Yes",23,4,1,1,37,"white","GED","$40,001-$60,000","woman","Full-time",""
156,"Yes",39,6,0,0,42,"white","PHD","$40,001-$60,000","woman","Full-time",""
157,"Yes",36,3,0,0,34,"white","GED","$40,001-$60,000","woman","Full-time",""
158,"Yes",46,4,1,1,19,"white","GED","$80,001-$100,000","man","Student",""
159,"Yes",46,7,1,1,45,"black","2yearColl","$20,001-$40,000","man","Homemaker",""
160,"Yes",41,5,1,1,20,"multiracial","GED","Over $200,000","woman","Unemployed",""
161,"Yes",40,4,0,1,34,"white","4yearColl","$0-$20,000","man","Other",""
162,"Yes",44,1,1,1,18,"asian","GED","$80,001-$100,000","man","Student",""
163,"Yes",48,5,0,0,37,"asian","4yearColl","$20,001-$40,000","man","Unemployed",""
164,"Yes",38,2,0,1,23,"black","GED","$60,001-$80,000","woman","Part-time","I don't like how the manager worded their message to me. I was motivated more by the money than the message."
165,"Yes",42,4,0,0,40,"white","4yearColl","$40,001-$60,000","woman","Full-time",""
166,"Yes",14,6,1,0,18,"white","GED","$20,001-$40,000","woman","Permanently disabled",""
167,"Yes",43,4,0,0,29,"asian","4yearColl","$40,001-$60,000","woman","Full-time",""
168,"Yes",41,4,1,1,41,"white","MA","$140,001-$160,000","woman","Full-time",""
169,"Yes",44,3,0,1,25,"white","4yearColl","$40,001-$60,000","woman","Full-time",""
170,"Yes",32,4,0,0,39,"white","GED","$40,001-$60,000","woman","Homemaker",""
171,"Yes",32,4,0,1,30,"black","4yearColl","$80,001-$100,000","man","Full-time","N/A"
172,"Yes",44,4,1,1,34,"asian","MA","$100,001-$120,000","man","Full-time",""
173,"Yes",35,5,1,0,26,"white","2yearColl","$40,001-$60,000","woman","Full-time",""
174,"Yes",46,2,0,0,22,"white","GED","$60,001-$80,000","man","Student",""
175,"Yes",44,3,0,1,18,"white","GED","Over $200,000","woman","Student",""
176,"Yes",46,4,1,1,47,"black","GED","$160,001-$180,000","man","Part-time",""
177,"Yes",26,5,0,0,20,"white","GED","$80,001-$100,000","woman","Student","n/a"
178,"Yes",35,4,1,0,36,"white","noHS","$60,001-$80,000","woman","Full-time",""
179,"Yes",40,3,1,1,51,"white","4yearColl","$80,001-$100,000","woman","Part-time","interesting study"
180,"Yes",23,6,1,1,29,"black","4yearColl","$0-$20,000","man","Part-time","thanks to the manager 😃 "
181,"Yes",40,3,1,1,22,"white","GED","$20,001-$40,000","woman","Full-time","Thank you for allowing me to participate!"
182,"Yes",43,5,1,0,53,"white","4yearColl","$60,001-$80,000","woman","Homemaker",""
183,"Yes",35,4,1,0,62,NA,"GED","$0-$20,000","woman","Permanently disabled",""
184,"Yes",28,6,1,0,46,"white","2yearColl","$60,001-$80,000","woman","Full-time",""
185,"Yes",39,4,1,0,19,"black","2yearColl","$20,001-$40,000","man","Student",""
186,"Yes",42,6,1,0,37,"white","MA",NA,"man","Full-time","This was fun. "
187,"Yes",36,7,1,0,39,"white","4yearColl","$80,001-$100,000","woman","Full-time",""
188,"Yes",48,4,1,0,27,"white","GED",NA,"man","Part-time",""
189,"Yes",42,4,0,1,22,"white","GED","$0-$20,000",NA,"Part-time",""
190,"Yes",38,2,0,1,60,"white","GED","$40,001-$60,000","man","Unemployed","Quite interesting study. Some of those tasks were giving me an eye ache/headache. I'm guessing you knew that in advance. I'm glad I got a chance to participate, nonetheless."
191,"Yes",32,6,1,0,48,"white","4yearColl","$120,001-$140,000","woman","Full-time",""
192,"Yes",32,7,1,1,23,"white","4yearColl","$140,001-$160,000","man","Full-time","No comments"
193,"Yes",36,5,1,0,40,"white","4yearColl","$40,001-$60,000","man","Full-time",""
194,"Yes",12,6,1,0,48,"white","GED","$160,001-$180,000","woman","Part-time","n/a"
195,"Yes",44,4,1,0,18,"white","GED","$40,001-$60,000","woman","Student",""
196,"Yes",43,6,1,0,37,"white","4yearColl","$20,001-$40,000","man","Student",""
197,"Yes",22,4,1,1,50,"asian","GED","$100,001-$120,000","woman","Temporarily laid off","good, interesting survey"
198,"Yes",46,4,1,1,50,"white","GED","$40,001-$60,000","man","Full-time","enjoyed this one.  thank you."
199,"Yes",26,3,0,1,37,"multiracial","GED","$60,001-$80,000","man","Part-time",""
200,"",0,4,0,1,31,"white","4yearColl","$20,001-$40,000","woman","Full-time",""
201,"Yes",36,6,1,0,66,"white","4yearColl","$0-$20,000","woman","Part-time","this was very interesting!"
202,"Yes",48,3,1,1,21,"black","GED","$20,001-$40,000","man","Unemployed",""
203,"Yes",31,3,1,1,29,"asian","4yearColl","$60,001-$80,000","woman","Part-time",""
204,"Yes",44,2,0,1,56,"white","PHD","Over $200,000","woman","Retired",""
205,"Yes",40,2,0,1,58,"white","4yearColl","$0-$20,000","woman","Unemployed","Thank you for an interesting study."
206,"Yes",36,3,1,0,31,"white","GED","$20,001-$40,000","woman","Full-time","Na"
207,"Yes",40,3,0,1,31,"white","noHS","$20,001-$40,000","woman","Homemaker",""
208,"Yes",30,4,1,0,65,"white","MA","$60,001-$80,000","woman","Full-time",""
209,"Yes",42,6,1,0,31,"asian","4yearColl","$20,001-$40,000","woman","Unemployed",""
210,"Yes",36,2,0,0,33,"asian","4yearColl","Over $200,000","woman","Full-time",""
211,"Yes",48,5,1,0,41,"white","GED","$0-$20,000","man","Unemployed",""
212,"Yes",46,3,1,1,40,"white","PHD","$120,001-$140,000","woman","Full-time",""
213,"Yes",36,4,1,0,23,"multiracial","4yearColl","$20,001-$40,000","man","Part-time",""
214,"Yes",36,4,0,0,50,"white","GED","$60,001-$80,000","woman","Full-time",""
215,"Yes",46,3,0,1,33,"white","GED","$40,001-$60,000","man","Full-time",""
216,"Yes",50,2,1,1,34,"asian","4yearColl","$100,001-$120,000","woman","Part-time",""
217,"Yes",24,2,0,1,64,"white","2yearColl","$180,001-$200,000","man","Full-time",""
218,"Yes",45,4,1,1,29,"white","4yearColl","$20,001-$40,000","man","Full-time, Other",""
219,"Yes",27,3,0,1,28,"white","MA","$60,001-$80,000","man","Part-time","no"
220,"Yes",37,4,1,0,18,"black","GED","$180,001-$200,000","man","Part-time",""
221,"Yes",45,2,1,1,52,"white","2yearColl","$140,001-$160,000","woman","Full-time",""
222,"Yes",44,4,0,1,39,"white","2yearColl","$60,001-$80,000","man","Full-time",NA
223,"Yes",38,4,1,0,40,"multiracial","2yearColl","$60,001-$80,000","man","Full-time",""
224,"Yes",40,5,1,0,26,"black","4yearColl","$20,001-$40,000","woman","Full-time",""
225,"Yes",48,3,1,1,42,"white","GED","$20,001-$40,000","man","Full-time",""
226,"Yes",34,2,1,1,20,"asian","GED","$60,001-$80,000","woman","Full-time",""
227,"Yes",45,4,1,0,33,"white","GED","$40,001-$60,000","woman","Full-time",""
228,"Yes",35,6,1,0,36,"black","4yearColl","$40,001-$60,000","man","Part-time",""
229,"Yes",35,4,1,0,63,"white","4yearColl","$0-$20,000","man","Full-time","some of the pictures were too small to discern"
230,"Yes",47,6,1,0,37,"white","GED","$60,001-$80,000","man","Unemployed",""
231,"Yes",42,4,1,1,24,"asian","4yearColl","$0-$20,000","man","Student",""
232,"Yes",44,6,1,0,25,"hispanic","4yearColl","$40,001-$60,000","man","Full-time","very interesting survey, fun to do and entertaining."
233,"Yes",41,6,1,0,59,"white","2yearColl","$40,001-$60,000","man","Permanently disabled",""
234,"Yes",13,5,1,0,28,"white","MA","$60,001-$80,000","man","Part-time","no"
235,"Yes",37,3,0,1,51,"white","MA","$20,001-$40,000","woman","Full-time",""
236,"Yes",40,3,0,1,69,"white","GED","$80,001-$100,000","man","Retired",""
237,"Yes",50,6,1,1,35,"white","GED","$0-$20,000","man","Unemployed",""
238,"Yes",36,5,1,0,49,"white","4yearColl","$20,001-$40,000","woman","Full-time",""
239,"Yes",42,2,0,1,74,"white","4yearColl","$40,001-$60,000","woman","Retired",""
240,"Yes",27,4,1,0,43,"black","GED","$60,001-$80,000","woman","Unemployed",""
241,"Yes",48,4,0,1,35,"black","2yearColl","$0-$20,000","woman","Homemaker",""
242,"Yes",41,7,1,0,65,"white","4yearColl","$20,001-$40,000","man","Retired","n/a"
243,"Yes",43,2,0,1,36,NA,NA,NA,NA,"Part-time",""
244,"Yes",44,6,1,0,34,"multiracial","2yearColl","$40,001-$60,000","woman","Part-time",""
245,"Yes",46,2,1,1,63,"white","4yearColl","$60,001-$80,000","man","Retired",""
246,"Yes",43,4,0,0,40,"multiracial","4yearColl","$60,001-$80,000","man","Full-time",""
247,"Yes",50,3,0,1,24,"asian","4yearColl","$20,001-$40,000","man","Unemployed",""
248,"Yes",44,3,0,1,63,"white","GED","$60,001-$80,000","woman","Full-time",""
249,"Yes",37,6,1,0,58,"white","MA","$20,001-$40,000","woman","Part-time",""
250,"Yes",40,2,1,1,29,"asian","2yearColl","$100,001-$120,000","woman","Full-time",""
251,"Yes",46,3,1,0,25,"black","4yearColl","$0-$20,000","man","Part-time",""
252,"Yes",44,4,1,0,34,"hispanic","4yearColl","$80,001-$100,000","man","Full-time","none"
253,"Yes",46,4,1,1,NA,"white","GED","$100,001-$120,000","woman","Part-time",""
254,"Yes",47,3,0,1,42,"asian","GED","$40,001-$60,000","woman","Part-time",""
255,"Yes",32,4,0,1,26,"white","4yearColl","$120,001-$140,000","woman","Full-time",""
256,"Yes",42,4,0,1,45,"white","MA","$80,001-$100,000","woman","Full-time",""
257,"Yes",15,4,1,1,41,"white","4yearColl","$60,001-$80,000","man","Full-time",""
258,"Yes",44,4,0,0,43,"black","4yearColl","$80,001-$100,000","man","Full-time",""
259,"Yes",36,4,1,0,27,"black","GED","$0-$20,000","woman","Student",""
260,"Yes",33,2,0,1,42,"black","MA","$40,001-$60,000","man","Part-time","This was a fun survey to complete. "
261,"Yes",42,5,1,1,43,"white","2yearColl","$60,001-$80,000","man","Full-time","This was quite entertaining. Cheers!"
262,"No",0,4,0,1,32,"hispanic","noHS",NA,"man","Other",""
263,"Yes",46,6,1,0,51,"white","GED","$20,001-$40,000","woman","Retired",""
264,"Yes",27,5,1,0,54,"black","2yearColl","$0-$20,000","man","Unemployed",""
265,"Yes",34,3,0,1,43,"white","GED","$80,001-$100,000","man","Part-time","i enjoyed this"
266,"Yes",34,6,1,0,37,"black","4yearColl","$80,001-$100,000","woman","Unemployed",""
267,"Yes",30,4,1,1,54,"black","PHD","$140,001-$160,000","woman","Retired",""
268,"Yes",30,4,1,0,30,"white","GED","$40,001-$60,000","woman","Full-time","N/A"
269,"Yes",47,5,1,0,41,"white","MA","Over $200,000","woman","Full-time",""
270,"Yes",42,4,1,0,27,"black","4yearColl","$0-$20,000","woman","Student","N/A"
271,"Yes",40,6,1,0,41,"white","2yearColl","$20,001-$40,000","woman","Full-time","Interesting study"
272,"Yes",44,6,1,0,72,"white","MA","$60,001-$80,000","man","Retired","Interesting test. At first I thought I was neutral towards the manager, but later decided his message was positive and reinforcing"
273,"Yes",42,4,1,0,31,"white","4yearColl","$100,001-$120,000","man","Full-time",""
274,"Yes",46,4,1,0,35,"white","4yearColl","$60,001-$80,000","woman","Homemaker",""
275,"Yes",48,3,1,1,58,"white","MA","$120,001-$140,000","man","Unemployed",""
276,"Yes",36,6,1,0,54,"white","4yearColl","$40,001-$60,000","woman","Full-time",""
277,"Yes",34,3,0,1,34,"black","4yearColl","$0-$20,000","woman","Full-time",""
278,"Yes",43,4,1,0,38,"black","GED","$20,001-$40,000","man","Unemployed",""
279,"Yes",46,7,1,0,25,"white","GED","$60,001-$80,000","woman","Homemaker","This was a super fun survey! Thank you!"
280,"Yes",40,4,0,0,53,"multiracial","2yearColl","$140,001-$160,000","woman","Full-time",""
281,"Yes",50,4,1,0,30,"white","4yearColl","Over $200,000","man","Full-time",""
282,"Yes",48,6,1,0,53,"hispanic","GED","$60,001-$80,000","woman","Full-time",""
283,"Yes",40,6,1,0,46,"white","2yearColl","$40,001-$60,000","woman","Full-time",""
284,"Yes",38,4,1,0,31,"hispanic","2yearColl","$20,001-$40,000","woman","Unemployed","the small arrows were hard to see"
285,"Yes",31,7,1,0,71,"white","GED","$40,001-$60,000","woman","Part-time","No technical issues or other problems.  Very challenging but I enjoyed it..thank you. "
286,"Yes",46,1,1,1,68,"white","4yearColl","$40,001-$60,000","woman","Retired",""
287,"Yes",12,6,1,1,49,"white","4yearColl","$80,001-$100,000","woman","Full-time","Great survey"
288,"Yes",50,4,1,1,42,"black","GED","$60,001-$80,000","woman","Retired",""
289,"Yes",24,3,1,1,56,"white","MA","$20,001-$40,000","woman","Full-time",""
290,"Yes",28,7,1,0,42,"white","GED","$80,001-$100,000","woman","Full-time",""
291,"No",0,3,0,1,23,"white","4yearColl","$80,001-$100,000","woman","Full-time",""
292,"Yes",13,7,1,0,48,"white","4yearColl","$100,001-$120,000","man","Full-time","Good survey"
293,"Yes",34,7,1,0,53,"white","2yearColl","$0-$20,000","man","Temporarily laid off",""
294,"Yes",42,3,0,0,40,"white","2yearColl","$20,001-$40,000","woman","Full-time",""
295,"Yes",6,4,1,1,48,"white","4yearColl","$100,001-$120,000","woman","Full-time",""
296,"Yes",26,3,0,1,32,"white","4yearColl","$100,001-$120,000","man","Full-time",""
297,"Yes",50,4,1,1,46,"hispanic","4yearColl","$0-$20,000","woman","Unemployed","This was a very fun survey!"
298,"Yes",27,4,0,0,39,"white","PHD",NA,"woman","Part-time",""
299,"Yes",48,4,1,1,33,"multiracial","MA","$180,001-$200,000","woman","Full-time",""
